test_id,PM2.5,PM10,O3
10.72325594403061,,,
12.270947264328848,,,
10.292837932722774,,,
9.341316496409355,,,
11.892695639192004,,,
12.517970013179305,,,
11.967507266194136,,,
15.759810385898772,,,
16.335171741239304,,,
13.003299230282172,,,
18.244226896470614,,,
18.21076405512354,,,
17.178230350951896,,,
25.885006623227625,,,
17.24733895631775,,,
16.04850851746215,,,
18.891335636884936,,,
15.482889300806276,,,
11.593562694094308,,,
12.813242120841403,,,
11.723844822431763,,,
16.643283430301732,,,
13.33179635305929,,,
15.167802598005997,,,
13.72632892493745,,,
10.082816058191,,,
13.57712869366808,,,
9.36883528755,,,
12.697998284685315,,,
11.401371409790674,,,
13.29956140360258,,,
17.584430484523594,,,
14.138440351450098,,,
20.63795421227381,,,
22.09191820016261,,,
21.20917865770311,,,
23.23281061463344,,,
20.817054906636574,,,
18.097354218848363,,,
18.05622930217865,,,
19.81215172579983,,,
15.111569700467012,,,
13.214137476310391,,,
10.974309028771044,,,
16.66477874413048,,,
8.467608464780032,,,
5.679992407348664,,,
14.331501699058418,,,
3.5420091629153028,,,
2.86550186038067,,,
4.987204159977559,,,
7.121464549464688,,,
4.723458463417638,,,
9.307601819439968,,,
9.451566695521898,,,
7.175128027710996,,,
10.071540670785849,,,
8.605587056859399,,,
11.483736167534646,,,
8.328427873019693,,,
8.019100312290261,,,
7.509064277133731,,,
6.651183680417696,,,
7.661415570552448,,,
6.105355885387706,,,
9.500576525583105,,,
7.097094631217345,,,
10.023738886750175,,,
9.291638203818255,,,
9.95117188101606,,,
9.393502354513116,,,
13.046675411528826,,,
7.114789078337062,,,
6.257127442029751,,,
10.089212468565092,,,
6.28552316589774,,,
5.77034342837601,,,
8.158821158581251,,,
9.967845413032364,,,
8.063742066049805,,,
5.115394857388004,,,
6.410760418036783,,,
8.869458717319896,,,
7.001614129158414,,,
6.085198181241459,,,
6.964408856499537,,,
7.968881528354543,,,
6.823318870483828,,,
9.369633565680298,,,
10.203996388203304,,,
7.989120846820657,,,
6.5655076790413,,,
8.296587407518189,,,
13.143611251549723,,,
11.089386083452633,,,
10.960941368616698,,,
